[
  {
    "name": "Policies",
    "isFavoriteMenu": false,
    "isActive": true,
    "item_no": 6
  },
  { "name": "Leaves", "isFavoriteMenu": false, "isActive": true, "item_no": 7 },
  {
    "name": "Outage Notification",
    "isFavoriteMenu": false,
    "isActive": true,
    "item_no": 7
  },
  {
    "name": "Shift Report",
    "isFavoriteMenu": false,
    "isActive": true,
    "item_no": 8
  },
  {
    "name": "Add Organization",
    "isFavoriteMenu": false,
    "isActive": true,
    "item_no": 9
  },
  {
    "name": "Staff Approval",
    "isFavoriteMenu": false,
    "isActive": true,
    "item_no": 10
  },
  {
    "name": "Department Mapping",
    "isFavoriteMenu": false,
    "isActive": true,
    "item_no": 11
  },
  {
    "name": "Reports Mapping",
    "isFavoriteMenu": false,
    "isActive": true,
    "item_no": 12
  },
  {
    "name": "Line of Business",
    "isFavoriteMenu": false,
    "isActive": true,
    "item_no": 13
  }
]
